	EST	SE	LCI	UCI
Intercept	1.81417408506429	NA	0.973854703216536	2.79198189577137
Slope	0.0472304648862512	NA	0.0402656374700718	0.0526007780699802
